entity_type,id,name,parent_tm,status,changed_fields
TM,169,ESKİŞEHİR1,,removed-from-source,
TM,211,KÜTAHYA,,removed-from-source,
TM,264,KARAMÜRSEL,,removed-from-source,
TM,357,NARLI,,removed-from-source,
TM,708,KIRKLARELİ DGKÇ,,removed-from-source,
TM,867,KARADENİZ EREĞLİ,,removed-from-source,
TM,1305,BANAZ SANAL,,removed-from-source,
TM,2309,TARSUS MOBİL,,removed-from-source,
TM,2310,TARSUS MOBİL SANAL,,removed-from-source,
TM,2503,KARAMÜRSEL (YENİ),,removed-from-source,
TM,2662,OVACIK SANAL,,removed-from-source,
TM,2668,NARLI MOBİL SANAL,,removed-from-source,
TM,2670,MORSAN SANAL,,removed-from-source,
Bara,4058,154 B-1,KÜTAHYA,removed-from-source,
Bara,4060,TR-A-B,KÜTAHYA,removed-from-source,
Bara,4312,154 B-1,KARAMÜRSEL,removed-from-source,
Bara,4316,TR-A,KARAMÜRSEL,removed-from-source,
Bara,4319,TR-B,KARAMÜRSEL,removed-from-source,
Bara,4724,154 B-1,KARADENİZ EREĞLİ,removed-from-source,
Bara,4726,66 B-1,KARADENİZ EREĞLİ,removed-from-source,
Bara,4732,TR-A,KARADENİZ EREĞLİ,removed-from-source,
Bara,5480,154 B-1,KIRKLARELİ DGKÇ,removed-from-source,
Bara,5481,154 B-2,KIRKLARELİ DGKÇ,removed-from-source,
Bara,6427,154 B-T,KÜTAHYA,removed-from-source,
Bara,6440,66 B-T,KARADENİZ EREĞLİ,removed-from-source,
Bara,7032,TR-E,BEYLİKDÜZÜ,removed-from-source,
Bara,7528,TR-B,KARADENİZ EREĞLİ,removed-from-source,
Bara,9722,TR-B,YILFERT,removed-from-source,
Bara,9877,154 B-1,TARSUS MOBİL,removed-from-source,
Bara,9878,MOBİL TR,TARSUS MOBİL,removed-from-source,
Bara,106237,154 B-1,KARAMÜRSEL (YENİ),removed-from-source,
Bara,106248,TR-A,KARAMÜRSEL (YENİ),removed-from-source,
Bara,108476,154 B1 (MOB),NARLI,removed-from-source,
Bara,108485,MOBİL TR,NARLI,removed-from-source,
Bara,108540,BTNKÖŞK BARA,NARLI,removed-from-source,
Bara,108541,MBLKÖŞK BARA,NARLI,removed-from-source,
Bara,110029,MOBİL TR B,TARSUS MOBİL,removed-from-source,
Hat,2044,154kV DİYARBAKIR3 - DİYARBAKIR4 - I EİH,,removed-from-source,
Hat,2592,154kV GÜRAĞAÇ - KÜTAHYA EİH,,removed-from-source,
Hat,2700,154kV KÜTAHYA - ETİ GÜMÜŞ EİH,,removed-from-source,
Hat,2739,154kV İKİZLER - OSMANİYE OSB EİH,,removed-from-source,
Hat,2748,154kV ERZİN - OSMANİYE - II EİH,,removed-from-source,
Hat,2975,154kV EDİRNE ÇİMENTO - KIRKLARELİ EİH,,removed-from-source,
Hat,2977,154kV KIRKLARELİ - KIRKLARELİ DGKÇ EİH,,removed-from-source,
Hat,3122,154kV MERSİN2 - ERDEMLİ - II EİH,,removed-from-source,
Hat,3455,154kV FORD - KARAMÜRSEL EİH,,removed-from-source,
Hat,3779,154kV AYANCIK - BOZKURT HAVZA EİH,,removed-from-source,
Hat,4027,154kV UŞAK RES -> BANAZ - UŞAK OSB EİH,,removed-from-source,
Hat,4569,154kV KÜÇÜKBAKKALKÖY - KADIKÖY EİH,,removed-from-source,
Hat,4611,154kV KARAKOÇAN - BİNGÖL - I EİH,,removed-from-source,
Hat,4817,154kV UŞAK OSB -> BANAZ - UŞAK RES EİH,,removed-from-source,
Hat,4905,154kV BANAZ -> UŞAK OSB - UŞAK RES EİH,,removed-from-source,
Hat,4988,400kV ÜMRANİYE - ATAŞEHİR EİH,,removed-from-source,
Hat,5221,154kV PINARHİSAR - KIRKLARELİ EİH,,removed-from-source,
Hat,5252,154kV TAŞUCU - MERSİN3 EİH,,removed-from-source,
Hat,5421,400kV ÇAN HAVZA - SOMA-B EİH,,removed-from-source,
Hat,5512,154kV HAMİTABAT DGKÇ - KIRKLARELİ DGKÇ EİH,,removed-from-source,
Hat,5521,154kV GÖNEN - ÇAN HAVZA EİH,,removed-from-source,
Hat,5633,154kV MARMARİS1 - MUĞLA GÜNEY EİH,,removed-from-source,
Hat,5717,154kV META NİKEL - DEMİRCİ EİH,,removed-from-source,
Hat,5826,154kV AĞRI1 - İPEKTEPE RES EİH,,removed-from-source,
Hat,5873,154kV KARAMÜRSEL -> ÇAKIL RES - GEMLİK EİH,,removed-from-source,
Hat,5906,154kV AFYON2 - UŞAK RES EİH,,removed-from-source,
Hat,6027,154kV ŞADILLI RES - ASYAPORT LİMAN EİH,,removed-from-source,
Hat,6060,154kV TARSUS MOBİL -> YENİ ŞEHİTLİK - NACARLI EİH,,removed-from-source,
Hat,6063,154kV YENİ ŞEHİTLİK -> TARSUS MOBİL - NACARLI EİH,,removed-from-source,
Hat,6064,154kV NACARLI ->TARSUS MOBİL - YENİ ŞEHİTLİK EİH,,removed-from-source,
Hat,6084,154kV SEYİTÖMER TES - FRİGYA - II EİH,,removed-from-source,
Hat,6088,154kV KARADENİZ EREĞLİ -> ERDEMİR2 - BÖLÜCEK EİH,,removed-from-source,
Hat,6131,154kV ÇATALCA RES -> SELİMPAŞA MOBİL - BOTAŞ EİH,,removed-from-source,
Hat,6237,154kV ÇAKIL RES SANAL -> KARAMÜRSEL SANAL - GEMLİK EİH,,removed-from-source,
Hat,6238,154kV KARAMÜRSEL -> KARAMÜRSEL SANAL EİH,,removed-from-source,
Hat,6239,154kV FORD -> KARAMÜRSEL SANAL - ÇAKIL RES EİH,,removed-from-source,
Hat,6340,154kV CEYHAN2 - OSMANİYE2 EİH,,removed-from-source,
Hat,6384,154kV DALAMAN - MUĞLA GÜNEY EİH,,removed-from-source,
Hat,6387,154kV MARMARA PAMUKLU DGKÇ - TÜRKGÜCÜ EİH,,removed-from-source,
Hat,6397,154kV  ÇERKEZKÖY - ULAŞ EİH,,removed-from-source,
Hat,6527,400kV KÖYLÜKÖY - SOMA B TES EİH,,removed-from-source,
Hat,6531,154kV ANTALYA SERBEST BÖLGE -> OVACIK - FİNİKE EİH,,removed-from-source,
Hat,6533,154kV FİNİKE -> OVACIK - ANTALYA SERBEST BÖLGE EİH,,removed-from-source,
Hat,6544,66kV REYHANLI - HAREM - II (SURİYE) EİH,,removed-from-source,
Hat,6556,154kV KAPIÇAM - DDY NARLI EİH,,removed-from-source,
Hat,6557,154kV ÇİMKO -> GASKİ2 - NARLI MOBİL EİH,,removed-from-source,
Hat,6558,154kV GASKİ2 -> ÇİMKO - NARLI MOBİL EİH,,removed-from-source,
Hat,6559,154kV NARLI MOBİL -> ÇİMKO - GASKİ 2  EİH,,removed-from-source,
Hat,6568,400kV MORSAN -> ALİAĞA-2 - SOMA-B EİH,,removed-from-source,
Hat,6569,400kV ALİAĞA2 -> MORSAN - SOMA-B EİH,,removed-from-source,
Hat,6570,400kV SOMA-B TES -> ALİAĞA-2 - MORSAN EİH,,removed-from-source,
Trafo,2353,TR-A,ATATÜRK HES,removed-from-source,
Trafo,2407,A-OTR-4,BAŞKALE,removed-from-source,
Trafo,2498,A-OTR-1,AFYON2,removed-from-source,
Trafo,2759,TR-A,BARLA,removed-from-source,
Trafo,3326,OTR-1,KARADENİZ EREĞLİ,removed-from-source,
Trafo,3333,TR-A,KARADENİZ EREĞLİ,removed-from-source,
Trafo,3335,TR-B,KARADENİZ EREĞLİ,removed-from-source,
Trafo,3584,TR-A,KARAMÜRSEL,removed-from-source,
Trafo,3586,TR-B,KARAMÜRSEL,removed-from-source,
Trafo,3598,A-OTR-1,OSMANCA,removed-from-source,
Trafo,3631,TR-A,KÜTAHYA,removed-from-source,
Trafo,3799,TR-B,TATVAN,removed-from-source,
Trafo,4103,TR-A,BUCA,removed-from-source,
Trafo,4968,B-OTR-3,AFYON2,removed-from-source,
Trafo,5032,B-OTR-4,KURŞUNLU,removed-from-source,
Trafo,5078,TR-GR2,İÇDAŞ,removed-from-source,
Trafo,5458,TR-B,KÜTAHYA,removed-from-source,
Trafo,5925,TR-A,BOZÜYÜK RES,removed-from-source,
Trafo,5926,TR-B,BOZÜYÜK RES,removed-from-source,
Trafo,6192,B-OTR-3,BOZOK,removed-from-source,
Trafo,6591,B-OTR-3,AĞRI2,removed-from-source,
Trafo,6604,B-OTR-4,BOZOK,removed-from-source,
Trafo,6667,TR-A,FRİGYA,removed-from-source,
Trafo,6771,Mobil TR,TARSUS MOBİL,removed-from-source,
Trafo,12998,TR-B,HOPA,removed-from-source,
Trafo,13053,TR-A,KARAMÜRSEL (YENİ),removed-from-source,
Trafo,13490,MOBİL TR,NARLI,removed-from-source,
Trafo,13710,TR-A,ŞARKİKARAAĞAÇ,removed-from-source,
Trafo,13835,MOBİL TR B,TARSUS MOBİL,removed-from-source,
